Name,Level,Sex,Availability
Priya Chandra,3.5,F,1
Marcus Webb,3.5,M,2
Elena Vasquez,4.0,F,3
Derek Chen,4.0,M,4
Sofia Petrov,3.0,F,5
Jamal Foster,3.0,M,6
Nina Kowalski,4.5,F,False
Tyler Brooks,4.5,M,7
Aisha Patel,3.5,F,8
Connor Reilly,3.5,M,9
Lucia Ferrara,4.0,F,10
Omar Haddad,4.0,M,False
Brooke Sinclair,3.0,F,11
Ethan Park,3.0,M,12
Renee Dubois,5.0,F,13
Aaron Whitfield,5.0,M,14
Maya Okafor,3.5,F,15
Simon Bradley,3.5,M,16
Chloe Nakamura,4.0,F,17
Gabriel Torres,4.0,M,18
Isla McAllister,3.0,F,False
Felix Novak,3.0,M,19
Zara Ahmed,4.5,F,20
Nathan Cole,4.5,M,False
Paige Sullivan,3.5,F,21
Diego Ramirez,3.5,M,22
Harper Lindqvist,4.0,F,False
Owen Fitzgerald,4.0,M,23
Layla Mansour,3.0,F,24
Caleb Whitmore,3.0,M,False
Ruby Ellison,5.0,F,25
Miles Donovan,5.0,M,26
